smiles,group,fragment_smiles,attribution,attribution_normalized,pred_mean_mol,pred_mean_sub
FC(=C(OC1=CC=C(C=C1)S(Cl)(=O)=O)C(F)(F)F)C(F)(C(F)(F)F)C(F)(F)F,test,FCCF,0.197937727,0.195392583,2.056391954,1.858454227
FC(=C(OC1=CC=C(C=C1)S(Cl)(=O)=O)C(F)(F)F)C(F)(C(F)(F)F)C(F)(F)F,test,OCC(F)(F)F,0.218246102,0.214845753,2.056391954,1.838145852
FC(=C(OC1=CC=C(C=C1)S(Cl)(=O)=O)C(F)(F)F)C(F)(C(F)(F)F)C(F)(F)F,test,c1ccccc1,-0.049103498,-0.049064071,2.056391954,2.105495453
FC(=C(OC1=CC=C(C=C1)S(Cl)(=O)=O)C(F)(F)F)C(F)(C(F)(F)F)C(F)(F)F,test,O=S(=O)Cl,0.579429269,0.522250487,2.056391954,1.476962686
FC(=C(OC1=CC=C(C=C1)S(Cl)(=O)=O)C(F)(F)F)C(F)(C(F)(F)F)C(F)(F)F,test,FC(F)F,0.116438031,0.115914654,2.056391954,1.939953923
FC(=C(OC1=CC=C(C=C1)S(Cl)(=O)=O)C(F)(F)F)C(F)(C(F)(F)F)C(F)(F)F,test,FC(F)F,0.116438031,0.115914654,2.056391954,1.939953923
CC(=O)OC(C(CO)C(F)(F)C(F)(F)C(F)(F)C(F)(F)C(F)(F)C(F)(F)C(F)(F)C(F)(F)C(F)(F)C(F)(F)C(F)(F)C(F)(F)F)C(CO)[N+](C)(C)CC([O-])=O,test,CC=O,0.753514908,0.637241217,-0.077433623,-0.830948532
CC(=O)OC(C(CO)C(F)(F)C(F)(F)C(F)(F)C(F)(F)C(F)(F)C(F)(F)C(F)(F)C(F)(F)C(F)(F)C(F)(F)C(F)(F)C(F)(F)F)C(CO)[N+](C)(C)CC([O-])=O,test,O,0.101752602,0.101402882,-0.077433623,-0.179186225
CC(=O)OC(C(CO)C(F)(F)C(F)(F)C(F)(F)C(F)(F)C(F)(F)C(F)(F)C(F)(F)C(F)(F)C(F)(F)C(F)(F)C(F)(F)C(F)(F)F)C(CO)[N+](C)(C)CC([O-])=O,test,CCCO,-0.124666207,-0.124024356,-0.077433623,0.047232583
CC(=O)OC(C(CO)C(F)(F)C(F)(F)C(F)(F)C(F)(F)C(F)(F)C(F)(F)C(F)(F)C(F)(F)C(F)(F)C(F)(F)C(F)(F)C(F)(F)F)C(CO)[N+](C)(C)CC([O-])=O,test,C,-0.02271235,-0.022708445,-0.077433623,-0.054721273
CC(=O)OC(C(CO)C(F)(F)C(F)(F)C(F)(F)C(F)(F)C(F)(F)C(F)(F)C(F)(F)C(F)(F)C(F)(F)C(F)(F)C(F)(F)C(F)(F)F)C(CO)[N+](C)(C)CC([O-])=O,test,CO,-0.048610449,-0.048572197,-0.077433623,-0.028823175
CC(=O)OC(C(CO)C(F)(F)C(F)(F)C(F)(F)C(F)(F)C(F)(F)C(F)(F)C(F)(F)C(F)(F)C(F)(F)C(F)(F)C(F)(F)C(F)(F)F)C(CO)[N+](C)(C)CC([O-])=O,test,FC(F)C(F)(F)C(F)(F)C(F)(F)C(F)(F)C(F)(F)C(F)(F)C(F)(F)C(F)(F)C(F)(F)C(F)(F)C(F)(F)F,0.768613957,0.646122768,-0.077433623,-0.84604758
CC(=O)OC(C(CO)C(F)(F)C(F)(F)C(F)(F)C(F)(F)C(F)(F)C(F)(F)C(F)(F)C(F)(F)C(F)(F)C(F)(F)C(F)(F)C(F)(F)F)C(CO)[N+](C)(C)CC([O-])=O,test,C[N+]C,2.700524293,0.991016836,-0.077433623,-2.777957916
CC(=O)OC(C(CO)C(F)(F)C(F)(F)C(F)(F)C(F)(F)C(F)(F)C(F)(F)C(F)(F)C(F)(F)C(F)(F)C(F)(F)C(F)(F)C(F)(F)F)C(CO)[N+](C)(C)CC([O-])=O,test,CC(=O)[O-],-2.534410752,-0.987498973,-0.077433623,2.456977129
FC(F)(F)C(Br)Br,test,FC(F)F,0.652513087,0.573359329,-0.78071028,-1.433223367
FC(F)(F)C(Br)Br,test,BrCBr,3.647851884,0.998644025,-0.78071028,-4.428562164
C[N+](C)(CCCN(CCC(O)=O)S(=O)(=O)C(F)(F)C(F)(F)C(F)(F)C(F)(F)C(F)(F)F)CCC(O)=O,test,C[N+]C,2.194227993,0.975464941,3.175632954,0.98140496
C[N+](C)(CCCN(CCC(O)=O)S(=O)(=O)C(F)(F)C(F)(F)C(F)(F)C(F)(F)C(F)(F)F)CCC(O)=O,test,CCC,0.24971199,0.24464791,3.175632954,2.925920963
C[N+](C)(CCCN(CCC(O)=O)S(=O)(=O)C(F)(F)C(F)(F)C(F)(F)C(F)(F)C(F)(F)F)CCC(O)=O,test,N,-0.002822876,-0.002822868,3.175632954,3.17845583
C[N+](C)(CCCN(CCC(O)=O)S(=O)(=O)C(F)(F)C(F)(F)C(F)(F)C(F)(F)C(F)(F)F)CCC(O)=O,test,CCC(=O)O,0.148650408,0.147565093,3.175632954,3.026982546
C[N+](C)(CCCN(CCC(O)=O)S(=O)(=O)C(F)(F)C(F)(F)C(F)(F)C(F)(F)C(F)(F)F)CCC(O)=O,test,O=S=O,0.446256876,0.4188173,3.175632954,2.729376078
C[N+](C)(CCCN(CCC(O)=O)S(=O)(=O)C(F)(F)C(F)(F)C(F)(F)C(F)(F)C(F)(F)F)CCC(O)=O,test,FC(F)C(F)(F)C(F)(F)C(F)(F)C(F)(F)F,0.183563948,0.18152959,3.175632954,2.992069006
C[N+](C)(CCCN(CCC(O)=O)S(=O)(=O)C(F)(F)C(F)(F)C(F)(F)C(F)(F)C(F)(F)F)CCC(O)=O,test,CCC(=O)O,0.329619408,0.318178756,3.175632954,2.846013546
CCCOC(=O)OCC(F)(F)C(F)F,test,CCC,0.054346323,0.054292882,-1.601721406,-1.656067729
CCCOC(=O)OCC(F)(F)C(F)F,test,O,0.115684748,0.115171427,-1.601721406,-1.717406154
CCCOC(=O)OCC(F)(F)C(F)F,test,C=O,1.047707438,0.780913459,-1.601721406,-2.649428844
CCCOC(=O)OCC(F)(F)C(F)F,test,O,0.139278293,0.138384632,-1.601721406,-1.740999699
CCCOC(=O)OCC(F)(F)C(F)F,test,C,0.027418494,0.027411625,-1.601721406,-1.6291399
CCCOC(=O)OCC(F)(F)C(F)F,test,FC(F)C(F)F,0.366307259,0.350757496,-1.601721406,-1.968028665
CC1CC(CC1CC(F)(F)C(F)(F)C(F)(F)C(F)(F)F)(C(O)=O)C(O)=O,test,CC1CCCC1,-0.003411159,-0.003411146,0.022922799,0.026333958
CC1CC(CC1CC(F)(F)C(F)(F)C(F)(F)C(F)(F)F)(C(O)=O)C(O)=O,test,C,-0.008388229,-0.008388032,0.022922799,0.031311028
CC1CC(CC1CC(F)(F)C(F)(F)C(F)(F)C(F)(F)F)(C(O)=O)C(O)=O,test,FC(F)C(F)(F)C(F)(F)C(F)(F)F,0.452205762,0.423710456,0.022922799,-0.429282963
CC1CC(CC1CC(F)(F)C(F)(F)C(F)(F)C(F)(F)F)(C(O)=O)C(O)=O,test,O=CO,0.753593192,0.637287709,0.022922799,-0.730670393
CC1CC(CC1CC(F)(F)C(F)(F)C(F)(F)C(F)(F)F)(C(O)=O)C(O)=O,test,O=CO,0.753593192,0.637287709,0.022922799,-0.730670393
FC(F)(F)C(F)(F)C(F)(F)C(F)(F)C(F)(F)C(F)(F)C(F)(F)C(F)(F)C(F)(F)C1=NC(=NC(=N1)C(F)(F)C(F)(F)C(F)(F)C(F)(F)C(F)(F)C(F)(F)C(F)(F)C(F)(F)C(F)(F)F)C(F)(F)C(F)(F)C(F)(F)C(F)(F)C(F)(F)C(F)(F)C(F)(F)C(F)(F)C(F)(F)F,test,c1ncncn1,2.861166179,0.993477202,3.118069172,0.256902993
FC(F)(F)C(F)(F)C(F)(F)C(F)(F)C(F)(F)C(F)(F)C(F)(F)C(F)(F)C(F)(F)C1=NC(=NC(=N1)C(F)(F)C(F)(F)C(F)(F)C(F)(F)C(F)(F)C(F)(F)C(F)(F)C(F)(F)C(F)(F)F)C(F)(F)C(F)(F)C(F)(F)C(F)(F)C(F)(F)C(F)(F)C(F)(F)C(F)(F)C(F)(F)F,test,FC(F)C(F)(F)C(F)(F)C(F)(F)C(F)(F)C(F)(F)C(F)(F)C(F)(F)C(F)(F)F,0.275241852,0.268495613,3.118069172,2.84282732
FC(F)(F)C(F)(F)C(F)(F)C(F)(F)C(F)(F)C(F)(F)C(F)(F)C(F)(F)C(F)(F)C1=NC(=NC(=N1)C(F)(F)C(F)(F)C(F)(F)C(F)(F)C(F)(F)C(F)(F)C(F)(F)C(F)(F)C(F)(F)F)C(F)(F)C(F)(F)C(F)(F)C(F)(F)C(F)(F)C(F)(F)C(F)(F)C(F)(F)C(F)(F)F,test,FC(F)C(F)(F)C(F)(F)C(F)(F)C(F)(F)C(F)(F)C(F)(F)C(F)(F)C(F)(F)F,0.275241375,0.268495171,3.118069172,2.842827797
FC(F)(F)C(F)(F)C(F)(F)C(F)(F)C(F)(F)C(F)(F)C(F)(F)C(F)(F)C(F)(F)C1=NC(=NC(=N1)C(F)(F)C(F)(F)C(F)(F)C(F)(F)C(F)(F)C(F)(F)C(F)(F)C(F)(F)C(F)(F)F)C(F)(F)C(F)(F)C(F)(F)C(F)(F)C(F)(F)C(F)(F)C(F)(F)C(F)(F)C(F)(F)F,test,FC(F)C(F)(F)C(F)(F)C(F)(F)C(F)(F)C(F)(F)C(F)(F)C(F)(F)C(F)(F)F,0.275241852,0.268495613,3.118069172,2.84282732
FC(F)(F)S(Br)=O,test,O=S(Br)C(F)(F)F,3.954935163,0.999266065,0.132799715,-3.822135448
FC(F)(F)[AsH2],test,FC(F)(F)[AsH2],0.54882884,0.499641937,-3.273306608,-3.822135448
CC(C)=CC(=O)C(F)(F)F,test,CCC,0.097420692,0.097113658,1.192831397,1.095410705
CC(C)=CC(=O)C(F)(F)F,test,CC=O,2.489375114,0.986328777,1.192831397,-1.296543717
CC(C)=CC(=O)C(F)(F)F,test,FC(F)F,0.548796117,0.499617382,1.192831397,0.64403528
FC(F)(F)C(F)(Cl)Br,test,FC(F)(F)C(F)(Cl)Br,3.495395422,0.998161056,-0.326740026,-3.822135448
FC(F)(I)C(F)(F)C#N,test,FC(F)C(F)(F)I,2.01851286,0.965312451,-0.099073753,-2.117586613
FC(F)(I)C(F)(F)C#N,test,C#N,0.663915589,0.58096332,-0.099073753,-0.762989342
OC(CC(F)(F)C(F)(F)C(F)(F)C(F)(F)C(F)(F)C(F)(F)F)S(O)(=O)=O,test,CCO,-0.197603226,-0.195070831,-1.121627212,-0.924023986
OC(CC(F)(F)C(F)(F)C(F)(F)C(F)(F)C(F)(F)C(F)(F)F)S(O)(=O)=O,test,FC(F)C(F)(F)C(F)(F)C(F)(F)C(F)(F)C(F)(F)F,0.815189958,0.672443353,-1.121627212,-1.936817169
OC(CC(F)(F)C(F)(F)C(F)(F)C(F)(F)C(F)(F)C(F)(F)F)S(O)(=O)=O,test,O=S(=O)O,1.57283771,0.917475966,-1.121627212,-2.694464922
FC(F)(F)C1CC(=O)N1,test,FC(F)F,0.357137918,0.342690548,-1.283471704,-1.640609622
FC(F)(F)C1CC(=O)N1,test,O=C1CCN1,3.708693862,0.998799289,-1.283471704,-4.992165565
